County,city,per_capita,median,population
Abbeville,ABBEVILLE,"$16,653 ","$33,143 ","25,417"
Abbeville,SHOALS JUNCTION,"$16,653 ","$33,143 ","25,417"
Abbeville,DONALDS,"$16,653 ","$33,143 ","25,417"
Abbeville,DUE WEST,"$16,653 ","$33,143 ","25,417"
Abbeville,CALHOUN FALLS,"$16,653 ","$33,143 ","25,417"
Abbeville,LOWNDESVILLE,"$16,653 ","$33,143 ","25,417"
Aiken,LANGLEY,"$24,172 ","$44,468 ","160,099"
Aiken,BELVEDERE,"$24,172 ","$44,468 ","160,099"
Aiken,NORTH AUGUSTA,"$24,172 ","$44,468 ","160,099"
Aiken,JACKSON,"$24,172 ","$44,468 ","160,099"
Aiken,CLEARWATER,"$24,172 ","$44,468 ","160,099"
Aiken,AIKEN,"$24,172 ","$44,468 ","160,099"
Aiken,VAUCLUSE,"$24,172 ","$44,468 ","160,099"
Aiken,GLOVERVILLE,"$24,172 ","$44,468 ","160,099"
Aiken,BEECH ISLAND,"$24,172 ","$44,468 ","160,099"
Aiken,WARRENVILLE,"$24,172 ","$44,468 ","160,099"
Aiken,SALLEY,"$24,172 ","$44,468 ","160,099"
Aiken,PERRY,"$24,172 ","$44,468 ","160,099"
Aiken,BATH,"$24,172 ","$44,468 ","160,099"
Aiken,WAGENER,"$24,172 ","$44,468 ","160,099"
Aiken,NEW ELLENTON,"$24,172 ","$44,468 ","160,099"
Aiken,MONTMORENCI,"$24,172 ","$44,468 ","160,099"
Aiken,WINDSOR,"$24,172 ","$44,468 ","160,099"
Aiken,GRANITEVILLE,"$24,172 ","$44,468 ","160,099"
Aiken,SUMMERALL,"$24,172 ","$44,468 ","160,099"
Allendale,MARTIN,"$14,190 ","$20,081 ","10,419"
Allendale,ALLENDALE,"$14,190 ","$20,081 ","10,419"
Allendale,ULMER,"$14,190 ","$20,081 ","10,419"
Allendale,SYCAMORE,"$14,190 ","$20,081 ","10,419"
Allendale,FAIRFAX,"$14,190 ","$20,081 ","10,419"
Anderson,IVA,"$22,117 ","$42,871 ","187,126"
Anderson,SOUTH ANDERSON,"$22,117 ","$42,871 ","187,126"
Anderson,SANDY SPRINGS,"$22,117 ","$42,871 ","187,126"
Anderson,WILLIAMSTON,"$22,117 ","$42,871 ","187,126"
Anderson,BELTON,"$22,117 ","$42,871 ","187,126"
Anderson,ANDERSON,"$22,117 ","$42,871 ","187,126"
Anderson,NORTH ANDERSON,"$22,117 ","$42,871 ","187,126"
Anderson,PELZER,"$22,117 ","$42,871 ","187,126"
Anderson,PRINCETON,"$22,117 ","$42,871 ","187,126"
Anderson,TOWNVILLE,"$22,117 ","$42,871 ","187,126"
Anderson,LA FRANCE,"$22,117 ","$42,871 ","187,126"
Anderson,HONEA PATH,"$22,117 ","$42,871 ","187,126"
Anderson,STARR,"$22,117 ","$42,871 ","187,126"
Anderson,PENDLETON,"$22,117 ","$42,871 ","187,126"
Bamberg,EHRHARDT,"$16,236 ","$32,538 ","15,987"
Bamberg,BAMBERG,"$16,236 ","$32,538 ","15,987"
Bamberg,OLAR,"$16,236 ","$32,538 ","15,987"
Bamberg,DENMARK,"$16,236 ","$32,538 ","15,987"
Barnwell,HILDA,"$17,592 ","$33,816 ","22,621"
Barnwell,BARNWELL,"$17,592 ","$33,816 ","22,621"
Barnwell,BLACKVILLE,"$17,592 ","$33,816 ","22,621"
Barnwell,ELKO,"$17,592 ","$33,816 ","22,621"
Barnwell,WILLISTON,"$17,592 ","$33,816 ","22,621"
Barnwell,KLINE,"$17,592 ","$33,816 ","22,621"
Beaufort,ST. HELENA ISLAND,"$32,731 ","$55,286 ","162,233"
Beaufort,COOSAWHATCHIE,"$32,731 ","$55,286 ","162,233"
Beaufort,RIDGELAND,"$32,731 ","$55,286 ","162,233"
Beaufort,HILTON HEAD ISLAND,"$32,731 ","$55,286 ","162,233"
Beaufort,SHELDON,"$32,731 ","$55,286 ","162,233"
Beaufort,PORT ROYAL,"$32,731 ","$55,286 ","162,233"
Beaufort,BURTON,"$32,731 ","$55,286 ","162,233"
Beaufort,BEAUFORT,"$32,731 ","$55,286 ","162,233"
Beaufort,LOBECO,"$32,731 ","$55,286 ","162,233"
Beaufort,BLUFFTON,"$32,731 ","$55,286 ","162,233"
Berkeley,CROSS,"$22,865 ","$50,777 ","177,843"
Berkeley,CORDESVILLE,"$22,865 ","$50,777 ","177,843"
Berkeley,HUGER,"$22,865 ","$50,777 ","177,843"
Berkeley,RUSSELLVILLE,"$22,865 ","$50,777 ","177,843"
Berkeley,MONCKS CORNER,"$22,865 ","$50,777 ","177,843"
Berkeley,PINEVILLE,"$22,865 ","$50,777 ","177,843"
Berkeley,ALVIN,"$22,865 ","$50,777 ","177,843"
Berkeley,OAKLEY,"$22,865 ","$50,777 ","177,843"
Berkeley,ST. STEPHEN,"$22,865 ","$50,777 ","177,843"
Berkeley,GOOSE CREEK,"$22,865 ","$50,777 ","177,843"
Berkeley,SHULERVILLE,"$22,865 ","$50,777 ","177,843"
Berkeley,WANDO,"$22,865 ","$50,777 ","177,843"
Berkeley,BETHERA,"$22,865 ","$50,777 ","177,843"
Berkeley,PINOPOLIS,"$22,865 ","$50,777 ","177,843"
Berkeley,LADSON,"$22,865 ","$50,777 ","177,843"
Berkeley,BONNEAU,"$22,865 ","$50,777 ","177,843"
Berkeley,JAMESTOWN,"$22,865 ","$50,777 ","177,843"
Berkeley,MOUNT HOLLY,"$22,865 ","$50,777 ","177,843"
Calhoun,CAMERON,"$20,845 ","$36,790 ","15,175"
Calhoun,ST. MATTHEWS,"$20,845 ","$36,790 ","15,175"
Calhoun,LONE STAR,"$20,845 ","$36,790 ","15,175"
Calhoun,FORT MOTTE,"$20,845 ","$36,790 ","15,175"
Charleston,ADAMS RUN,"$29,401 ","$48,433 ","350,209"
Charleston,YONGES ISLAND,"$29,401 ","$48,433 ","350,209"
Charleston,ASHLEY RIVER,"$29,401 ","$48,433 ","350,209"
Charleston,NORTH CHARLESTON,"$29,401 ","$48,433 ","350,209"
Charleston,HANAHAN,"$29,401 ","$48,433 ","350,209"
Charleston,ISLE OF PALMS,"$29,401 ","$48,433 ","350,209"
Charleston,RAVENEL,"$29,401 ","$48,433 ","350,209"
Charleston,MEGGETT,"$29,401 ","$48,433 ","350,209"
Charleston,MCCLELLANVILLE,"$29,401 ","$48,433 ","350,209"
Charleston,SULLIVANS ISLAND,"$29,401 ","$48,433 ","350,209"
Charleston,CHARLESTON,"$29,401 ","$48,433 ","350,209"
Charleston,MYERS,"$29,401 ","$48,433 ","350,209"
Charleston,AWENDAW,"$29,401 ","$48,433 ","350,209"
Charleston,WADMALAW ISLAND,"$29,401 ","$48,433 ","350,209"
Charleston,EAST BAY,"$29,401 ","$48,433 ","350,209"
Charleston,HOLLYWOOD,"$29,401 ","$48,433 ","350,209"
Charleston,SOUTH WINDERMERE,"$29,401 ","$48,433 ","350,209"
Charleston,FOLLY BEACH,"$29,401 ","$48,433 ","350,209"
Charleston,JERICHO,"$29,401 ","$48,433 ","350,209"
Charleston,MOUNT PLEASANT,"$29,401 ","$48,433 ","350,209"
Charleston,HARBORVIEW,"$29,401 ","$48,433 ","350,209"
Charleston,EAST MONTAGUE,"$29,401 ","$48,433 ","350,209"
Charleston,ST. ANDREWS,"$29,401 ","$48,433 ","350,209"
Charleston,JOHNS ISLAND,"$29,401 ","$48,433 ","350,209"
Charleston,EDWARDS,"$29,401 ","$48,433 ","350,209"
Charleston,PINEHAVEN,"$29,401 ","$48,433 ","350,209"
Charleston,JAMES ISLAND,"$29,401 ","$48,433 ","350,209"
Charleston,NORTHBRIDGE,"$29,401 ","$48,433 ","350,209"
Cherokee,BLACKSBURG,"$17,862 ","$34,132 ","55,342"
Cherokee,GAFFNEY,"$17,862 ","$34,132 ","55,342"
Chester,FORT LAWN,"$17,687 ","$32,743 ","33,140"
Chester,CHESTER,"$17,687 ","$32,743 ","33,140"
Chester,BLACKSTOCK,"$17,687 ","$32,743 ","33,140"
Chester,EDGEMOOR,"$17,687 ","$32,743 ","33,140"
Chester,RICHBURG,"$17,687 ","$32,743 ","33,140"
Chester,GREAT FALLS,"$17,687 ","$32,743 ","33,140"
Chesterfield,MCBEE,"$17,162 ","$32,979 ","46,734"
Chesterfield,CHESTERFIELD,"$17,162 ","$32,979 ","46,734"
Chesterfield,PATRICK,"$17,162 ","$32,979 ","46,734"
Chesterfield,JEFFERSON,"$17,162 ","$32,979 ","46,734"
Chesterfield,CHERAW,"$17,162 ","$32,979 ","46,734"
Chesterfield,PAGELAND,"$17,162 ","$32,979 ","46,734"
Chesterfield,RUBY,"$17,162 ","$32,979 ","46,734"
Chesterfield,MOUNT CROGHAN,"$17,162 ","$32,979 ","46,734"
Clarendon,PAXVILLE,"$16,562 ","$33,066 ","34,971"
Clarendon,SARDINIA,"$16,562 ","$33,066 ","34,971"
Clarendon,TURBEVILLE,"$16,562 ","$33,066 ","34,971"
Clarendon,MANNING,"$16,562 ","$33,066 ","34,971"
Clarendon,ALCOLU,"$16,562 ","$33,066 ","34,971"
Clarendon,GABLE,"$16,562 ","$33,066 ","34,971"
Clarendon,SUMMERTON,"$16,562 ","$33,066 ","34,971"
Clarendon,DAVIS STATION,"$16,562 ","$33,066 ","34,971"
Clarendon,RIMINI,"$16,562 ","$33,066 ","34,971"
Clarendon,NEW ZION,"$16,562 ","$33,066 ","34,971"
Colleton,WALTERBORO,"$17,842 ","$33,263 ","38,892"
Colleton,WILLIAMS,"$17,842 ","$33,263 ","38,892"
Colleton,GREEN POND,"$17,842 ","$33,263 ","38,892"
Colleton,SMOAKS,"$17,842 ","$33,263 ","38,892"
Colleton,LODGE,"$17,842 ","$33,263 ","38,892"
Colleton,CANADYS,"$17,842 ","$33,263 ","38,892"
Colleton,COTTAGEVILLE,"$17,842 ","$33,263 ","38,892"
Colleton,RITTER,"$17,842 ","$33,263 ","38,892"
Colleton,ISLANDTON,"$17,842 ","$33,263 ","38,892"
Colleton,RUFFIN,"$17,842 ","$33,263 ","38,892"
Colleton,ROUND O,"$17,842 ","$33,263 ","38,892"
Colleton,JACKSONBORO,"$17,842 ","$33,263 ","38,892"
Colleton,EDISTO ISLAND,"$17,842 ","$33,263 ","38,892"
Darlington,DARLINGTON,"$20,096 ","$38,379 ","68,681"
Darlington,DOVESVILLE,"$20,096 ","$38,379 ","68,681"
Darlington,HARTSVILLE,"$20,096 ","$38,379 ","68,681"
Darlington,LAMAR,"$20,096 ","$38,379 ","68,681"
Darlington,SOCIETY HILL,"$20,096 ","$38,379 ","68,681"
Darlington,LYDIA,"$20,096 ","$38,379 ","68,681"
Dillon,DILLON,"$14,684 ","$26,818 ","32,062"
Dillon,LATTA,"$14,684 ","$26,818 ","32,062"
Dillon,SOUTH OF THE BORDER,"$14,684 ","$26,818 ","32,062"
Dillon,LITTLE ROCK,"$14,684 ","$26,818 ","32,062"
Dillon,HAMER,"$14,684 ","$26,818 ","32,062"
Dillon,LAKE VIEW,"$14,684 ","$26,818 ","32,062"
Dillon,FLOYD DALE,"$14,684 ","$26,818 ","32,062"
Dillon,MINTURN,"$14,684 ","$26,818 ","32,062"
Dillon,FORK,"$14,684 ","$26,818 ","32,062"
Dorchester,GROVER,"$24,497 ","$55,034 ","136,555"
Dorchester,HARLEYVILLE,"$24,497 ","$55,034 ","136,555"
Dorchester,SUMMERVILLE,"$24,497 ","$55,034 ","136,555"
Dorchester,DORCHESTER,"$24,497 ","$55,034 ","136,555"
Dorchester,REEVESVILLE,"$24,497 ","$55,034 ","136,555"
Dorchester,ST. GEORGE,"$24,497 ","$55,034 ","136,555"
Dorchester,RIDGEVILLE,"$24,497 ","$55,034 ","136,555"
Edgefield,EDGEFIELD,"$19,901 ","$42,834 ","26,985"
Edgefield,JOHNSTON,"$19,901 ","$42,834 ","26,985"
Edgefield,TRENTON,"$19,901 ","$42,834 ","26,985"
Fairfield,JENKINSVILLE,"$18,877 ","$32,022 ","23,956"
Fairfield,MONTICELLO,"$18,877 ","$32,022 ","23,956"
Fairfield,RION,"$18,877 ","$32,022 ","23,956"
Fairfield,WHITE OAK,"$18,877 ","$32,022 ","23,956"
Fairfield,WINNSBORO,"$18,877 ","$32,022 ","23,956"
Fairfield,BLAIR,"$18,877 ","$32,022 ","23,956"
Fairfield,RIDGEWAY,"$18,877 ","$32,022 ","23,956"
Florence,SOUTH PARK,"$21,932 ","$40,487 ","136,885"
Florence,FLORENCE,"$21,932 ","$40,487 ","136,885"
Florence,PAMPLICO,"$21,932 ","$40,487 ","136,885"
Florence,SCRANTON,"$21,932 ","$40,487 ","136,885"
Florence,TIMMONSVILLE,"$21,932 ","$40,487 ","136,885"
Florence,JOHNSONVILLE,"$21,932 ","$40,487 ","136,885"
Florence,OLANTA,"$21,932 ","$40,487 ","136,885"
Florence,LAKE CITY,"$21,932 ","$40,487 ","136,885"
Florence,COWARD,"$21,932 ","$40,487 ","136,885"
Florence,POSTON,"$21,932 ","$40,487 ","136,885"
Florence,EFFINGHAM,"$21,932 ","$40,487 ","136,885"
Florence,QUINBY,"$21,932 ","$40,487 ","136,885"
Georgetown,PAWLEYS ISLAND,"$23,942 ","$42,666 ","60,158"
Georgetown,MURRELLS INLET,"$23,942 ","$42,666 ","60,158"
Georgetown,GEORGETOWN,"$23,942 ","$42,666 ","60,158"
Georgetown,SEABROOK,"$23,942 ","$42,666 ","60,158"
Georgetown,ANDREWS,"$23,942 ","$42,666 ","60,158"
Greenville,SIMPSONVILLE,"$25,931 ","$46,830 ","451,225"
Greenville,BRANWOOD,"$25,931 ","$46,830 ","451,225"
Greenville,PARK PLACE,"$25,931 ","$46,830 ","451,225"
Greenville,POWDERSVILLE,"$25,931 ","$46,830 ","451,225"
Greenville,PLEASANTBURG,"$25,931 ","$46,830 ","451,225"
Greenville,CONESTEE,"$25,931 ","$46,830 ","451,225"
Greenville,AUGUSTA ROAD,"$25,931 ","$46,830 ","451,225"
Greenville,GREER,"$25,931 ","$46,830 ","451,225"
Greenville,GREENVILLE,"$25,931 ","$46,830 ","451,225"
Greenville,PIEDMONT,"$25,931 ","$46,830 ","451,225"
Greenville,TRAVELERS REST,"$25,931 ","$46,830 ","451,225"
Greenville,SLATER,"$25,931 ","$46,830 ","451,225"
Greenville,FOUNTAIN INN,"$25,931 ","$46,830 ","451,225"
Greenville,ORCHARD PARK,"$25,931 ","$46,830 ","451,225"
Greenville,BEREA,"$25,931 ","$46,830 ","451,225"
Greenville,TIGERVILLE,"$25,931 ","$46,830 ","451,225"
Greenville,CLEVELAND,"$25,931 ","$46,830 ","451,225"
Greenville,MAULDIN,"$25,931 ","$46,830 ","451,225"
Greenville,PELHAM,"$25,931 ","$46,830 ","451,225"
Greenville,MARIETTA,"$25,931 ","$46,830 ","451,225"
Greenville,TAYLORS,"$25,931 ","$46,830 ","451,225"
Greenwood,TROY,"$21,728 ","$38,797 ","69,661"
Greenwood,GREENWOOD,"$21,728 ","$38,797 ","69,661"
Greenwood,BRADLEY,"$21,728 ","$38,797 ","69,661"
Greenwood,NINETY SIX,"$21,728 ","$38,797 ","69,661"
Greenwood,HODGES,"$21,728 ","$38,797 ","69,661"
Greenwood,HARRIS,"$21,728 ","$38,797 ","69,661"
Greenwood,NORTHSIDE,"$21,728 ","$38,797 ","69,661"
Greenwood,SOUTH GREENWOOD,"$21,728 ","$38,797 ","69,661"
Greenwood,WARE SHOALS,"$21,728 ","$38,797 ","69,661"
Hampton,FURMAN,"$16,262 ","$34,846 ","21,090"
Hampton,SCOTIA,"$16,262 ","$34,846 ","21,090"
Hampton,YEMASSEE,"$16,262 ","$34,846 ","21,090"
Hampton,BRUNSON,"$16,262 ","$34,846 ","21,090"
Hampton,GARNETT,"$16,262 ","$34,846 ","21,090"
Hampton,GIFFORD,"$16,262 ","$34,846 ","21,090"
Hampton,LURAY,"$16,262 ","$34,846 ","21,090"
Hampton,VARNVILLE,"$16,262 ","$34,846 ","21,090"
Hampton,EARLY BRANCH,"$16,262 ","$34,846 ","21,090"
Hampton,ESTILL,"$16,262 ","$34,846 ","21,090"
Hampton,HAMPTON,"$16,262 ","$34,846 ","21,090"
Hampton,MILEY,"$16,262 ","$34,846 ","21,090"
Horry,GALIVANTS FERRY,"$24,811 ","$43,142 ","269,291"
Horry,LITTLE RIVER,"$24,811 ","$43,142 ","269,291"
Horry,OCEAN DRIVE,"$24,811 ","$43,142 ","269,291"
Horry,CONWAY,"$24,811 ","$43,142 ","269,291"
Horry,WINDY HILL,"$24,811 ","$43,142 ","269,291"
Horry,NICHOLS,"$24,811 ","$43,142 ","269,291"
Horry,GREEN SEA,"$24,811 ","$43,142 ","269,291"
Horry,AYNOR,"$24,811 ","$43,142 ","269,291"
Horry,SURFSIDE,"$24,811 ","$43,142 ","269,291"
Horry,NORTH GATE,"$24,811 ","$43,142 ","269,291"
Horry,SURFSIDE BEACH,"$24,811 ","$43,142 ","269,291"
Horry,CHERRY GROVE,"$24,811 ","$43,142 ","269,291"
Horry,LORIS,"$24,811 ","$43,142 ","269,291"
Horry,NORTH MYRTLE BEACH,"$24,811 ","$43,142 ","269,291"
Horry,SOCASTEE,"$24,811 ","$43,142 ","269,291"
Horry,COASTAL,"$24,811 ","$43,142 ","269,291"
Horry,LONGS,"$24,811 ","$43,142 ","269,291"
Horry,DUNES,"$24,811 ","$43,142 ","269,291"
Horry,MYRTLE BEACH,"$24,811 ","$43,142 ","269,291"
Jasper,TILLMAN,"$17,997 ","$37,393 ","24,777"
Jasper,PINELAND,"$17,997 ","$37,393 ","24,777"
Jasper,HARDEEVILLE,"$17,997 ","$37,393 ","24,777"
Kershaw,CAMDEN,"$21,777 ","$44,064 ","61,697"
Kershaw,CASSAT,"$21,777 ","$44,064 ","61,697"
Kershaw,WESTVILLE,"$21,777 ","$44,064 ","61,697"
Kershaw,LUGOFF,"$21,777 ","$44,064 ","61,697"
Kershaw,BETHUNE,"$21,777 ","$44,064 ","61,697"
Kershaw,ELGIN,"$21,777 ","$44,064 ","61,697"
Kershaw,LIBERTY HILL,"$21,777 ","$44,064 ","61,697"
Lancaster,HEALTH SPRINGS,"$19,308 ","$38,959 ","76,652"
Lancaster,KERSHAW,"$19,308 ","$38,959 ","76,652"
Lancaster,LANCASTER,"$19,308 ","$38,959 ","76,652"
Laurens,WATERLOO,"$18,757 ","$37,529 ","66,537"
Laurens,GRAY COURT,"$18,757 ","$37,529 ","66,537"
Laurens,CLINTON,"$18,757 ","$37,529 ","66,537"
Laurens,ORA,"$18,757 ","$37,529 ","66,537"
Laurens,MOUNTVILLE,"$18,757 ","$37,529 ","66,537"
Laurens,JOANNA,"$18,757 ","$37,529 ","66,537"
Laurens,CROSS HILL,"$18,757 ","$37,529 ","66,537"
Laurens,LAURENS,"$18,757 ","$37,529 ","66,537"
Lee,ELLIOTT,"$12,924 ","$23,378 ","19,220"
Lee,LYNCHBURG,"$12,924 ","$23,378 ","19,220"
Lee,WISACKY,"$12,924 ","$23,378 ","19,220"
Lee,BISHOPVILLE,"$12,924 ","$23,378 ","19,220"
Lexington,IRMO,"$26,393 ","$52,205 ","262,391"
Lexington,LEXINGTON,"$26,393 ","$52,205 ","262,391"
Lexington,GILBERT,"$26,393 ","$52,205 ","262,391"
Lexington,GASTON,"$26,393 ","$52,205 ","262,391"
Lexington,CAYCE,"$26,393 ","$52,205 ","262,391"
Lexington,SWANSEA,"$26,393 ","$52,205 ","262,391"
Lexington,PELION,"$26,393 ","$52,205 ","262,391"
Lexington,LEESVILLE,"$26,393 ","$52,205 ","262,391"
Lexington,BATESBURG,"$26,393 ","$52,205 ","262,391"
Lexington,CHAPIN,"$26,393 ","$52,205 ","262,391"
Marion,MARION,"$19,411 ","$35,858 ","33,062"
Marion,SELLERS,"$19,411 ","$35,858 ","33,062"
Marion,CENTENARY,"$19,411 ","$35,858 ","33,062"
Marion,RAINS,"$19,411 ","$35,858 ","33,062"
Marion,MULLINS,"$19,411 ","$35,858 ","33,062"
Marion,GRESHAM,"$19,411 ","$35,858 ","33,062"
Marlboro,MCCOLL,"$16,653 ","$30,629 ","28,933"
Marlboro,CLIO,"$16,653 ","$30,629 ","28,933"
Marlboro,BLENHEIM,"$16,653 ","$30,629 ","28,933"
Marlboro,TATUM,"$16,653 ","$30,629 ","28,933"
Marlboro,WALLACE,"$16,653 ","$30,629 ","28,933"
Marlboro,BENNETSVILLE,"$16,653 ","$30,629 ","28,933"
McCormick,WILLINGTON,"$13,817 ","$27,688 ","10,233"
McCormick,PARKSVILLE,"$13,817 ","$27,688 ","10,233"
McCormick,MODOC,"$13,817 ","$27,688 ","10,233"
McCormick,MCCORMICK,"$13,817 ","$27,688 ","10,233"
McCormick,MOUNT CARMEL,"$13,817 ","$27,688 ","10,233"
McCormick,CLARKS HILL,"$13,817 ","$27,688 ","10,233"
McCormick,PLUM BRANCH,"$13,817 ","$27,688 ","10,233"
Newberry,KINARDS,"$21,410 ","$41,815 ","37,508"
Newberry,WHITMIRE,"$21,410 ","$41,815 ","37,508"
Newberry,PROSPERITY,"$21,410 ","$41,815 ","37,508"
Newberry,LITTLE MOUNTAIN,"$21,410 ","$41,815 ","37,508"
Newberry,SILVERSTREET,"$21,410 ","$41,815 ","37,508"
Newberry,PEAK,"$21,410 ","$41,815 ","37,508"
Newberry,POMARIA,"$21,410 ","$41,815 ","37,508"
Newberry,CHAPPELLS,"$21,410 ","$41,815 ","37,508"
Newberry,NEWBERRY,"$21,410 ","$41,815 ","37,508"
Oconee,MOUNTAIN REST,"$24,055 ","$42,266 ","74,273"
Oconee,LONG CREEK,"$24,055 ","$42,266 ","74,273"
Oconee,RICHLAND,"$24,055 ","$42,266 ","74,273"
Oconee,SALEM,"$24,055 ","$42,266 ","74,273"
Oconee,WESTMINSTER,"$24,055 ","$42,266 ","74,273"
Oconee,WALHALLA,"$24,055 ","$42,266 ","74,273"
Oconee,MADISON,"$24,055 ","$42,266 ","74,273"
Oconee,TAMASSEE,"$24,055 ","$42,266 ","74,273"
Oconee,SENECA,"$24,055 ","$42,266 ","74,273"
Oconee,WEST UNION,"$24,055 ","$42,266 ","74,273"
Oconee,NEWRY,"$24,055 ","$42,266 ","74,273"
Oconee,FAIR PLAY,"$24,055 ","$42,266 ","74,273"
Orangeburg,ORANGEBURG,"$17,579 ","$32,849 ","92,501"
Orangeburg,SPRINGFIELD,"$17,579 ","$32,849 ","92,501"
Orangeburg,BRANCHVILLE,"$17,579 ","$32,849 ","92,501"
Orangeburg,CORDOVA,"$17,579 ","$32,849 ","92,501"
Orangeburg,NORWAY,"$17,579 ","$32,849 ","92,501"
Orangeburg,EUTAWVILLE,"$17,579 ","$32,849 ","92,501"
Orangeburg,ELLOREE,"$17,579 ","$32,849 ","92,501"
Orangeburg,SANTEE,"$17,579 ","$32,849 ","92,501"
Orangeburg,ROWESVILLE,"$17,579 ","$32,849 ","92,501"
Orangeburg,BOWMAN,"$17,579 ","$32,849 ","92,501"
Orangeburg,COPE,"$17,579 ","$32,849 ","92,501"
Orangeburg,VANCE,"$17,579 ","$32,849 ","92,501"
Orangeburg,NEESES,"$17,579 ","$32,849 ","92,501"
Orangeburg,NORTH,"$17,579 ","$32,849 ","92,501"
Orangeburg,LIVINGSTON,"$17,579 ","$32,849 ","92,501"
Orangeburg,HOLLY HILL,"$17,579 ","$32,849 ","92,501"
Pickens,PICKENS,"$20,647 ","$41,898 ","119,224"
Pickens,CLEMSON,"$20,647 ","$41,898 ","119,224"
Pickens,SIX MILE,"$20,647 ","$41,898 ","119,224"
Pickens,EASLEY,"$20,647 ","$41,898 ","119,224"
Pickens,SUNSET,"$20,647 ","$41,898 ","119,224"
Pickens,NORRIS,"$20,647 ","$41,898 ","119,224"
Pickens,LIBERTY,"$20,647 ","$41,898 ","119,224"
Pickens,CENTRAL,"$20,647 ","$41,898 ","119,224"
Pickens,FOOTHILLS MALL,"$20,647 ","$41,898 ","119,224"
Pickens,CATEECHEE,"$20,647 ","$41,898 ","119,224"
Richland,WHITE ROCK,"$25,805 ","$47,922 ","384,504"
Richland,FORT JACKSON,"$25,805 ","$47,922 ","384,504"
Richland,STATE PARK,"$25,805 ","$47,922 ","384,504"
Richland,EAU CLAIRE,"$25,805 ","$47,922 ","384,504"
Richland,FOREST ACRES,"$25,805 ","$47,922 ","384,504"
Richland,HARBISON,"$25,805 ","$47,922 ","384,504"
Richland,EDGEWOOD,"$25,805 ","$47,922 ","384,504"
Richland,BALLENTINE,"$25,805 ","$47,922 ","384,504"
Richland,EASTOVER,"$25,805 ","$47,922 ","384,504"
Richland,FIVE POINTS,"$25,805 ","$47,922 ","384,504"
Richland,WEST COLUMBIA,"$25,805 ","$47,922 ","384,504"
Richland,COLUMBIA,"$25,805 ","$47,922 ","384,504"
Richland,HOPKINS,"$25,805 ","$47,922 ","384,504"
Richland,LEESBURG,"$25,805 ","$47,922 ","384,504"
Richland,DUTCH FORK,"$25,805 ","$47,922 ","384,504"
Richland,CAPITOL,"$25,805 ","$47,922 ","384,504"
Richland,BLYTHEWOOD,"$25,805 ","$47,922 ","384,504"
Richland,GADSDEN,"$25,805 ","$47,922 ","384,504"
Saluda,MONETA,"$18,717 ","$40,508 ","19,875"
Saluda,SALUDA,"$18,717 ","$40,508 ","19,875"
Saluda,WARD,"$18,717 ","$40,508 ","19,875"
Saluda,RIDGE SPRING,"$18,717 ","$40,508 ","19,875"
Spartanburg,WOODRUFF,"$21,924 ","$42,680 ","284,307"
Spartanburg,MOORE,"$21,924 ","$42,680 ","284,307"
Spartanburg,CAMPOBELLO,"$21,924 ","$42,680 ","284,307"
Spartanburg,ROEBUCK,"$21,924 ","$42,680 ","284,307"
Spartanburg,LYMAN,"$21,924 ","$42,680 ","284,307"
Spartanburg,PAULINE,"$21,924 ","$42,680 ","284,307"
Spartanburg,SPARTANBURG,"$21,924 ","$42,680 ","284,307"
Spartanburg,GLENDALE,"$21,924 ","$42,680 ","284,307"
Spartanburg,CONVERSE,"$21,924 ","$42,680 ","284,307"
Spartanburg,UNA,"$21,924 ","$42,680 ","284,307"
Spartanburg,WELLFORD,"$21,924 ","$42,680 ","284,307"
Spartanburg,ENOREE,"$21,924 ","$42,680 ","284,307"
Spartanburg,DRAYTON,"$21,924 ","$42,680 ","284,307"
Spartanburg,CHESNEE,"$21,924 ","$42,680 ","284,307"
Spartanburg,INMAN,"$21,924 ","$42,680 ","284,307"
Spartanburg,HILLCREST,"$21,924 ","$42,680 ","284,307"
Spartanburg,VALLEY FALLS,"$21,924 ","$42,680 ","284,307"
Spartanburg,REIDVILLE,"$21,924 ","$42,680 ","284,307"
Spartanburg,WESTGATE,"$21,924 ","$42,680 ","284,307"
Spartanburg,MAYO,"$21,924 ","$42,680 ","284,307"
Spartanburg,PACELOT MILLS,"$21,924 ","$42,680 ","284,307"
Spartanburg,ARCADIA,"$21,924 ","$42,680 ","284,307"
Spartanburg,WHITE STONE,"$21,924 ","$42,680 ","284,307"
Spartanburg,COWPENS,"$21,924 ","$42,680 ","284,307"
Spartanburg,GLENN SPRINGS,"$21,924 ","$42,680 ","284,307"
Spartanburg,CROSS ANCHOR,"$21,924 ","$42,680 ","284,307"
Spartanburg,LANDRUM,"$21,924 ","$42,680 ","284,307"
Spartanburg,STARTEX,"$21,924 ","$42,680 ","284,307"
Spartanburg,BOILING SPRINGS,"$21,924 ","$42,680 ","284,307"
Spartanburg,PACELOT,"$21,924 ","$42,680 ","284,307"
Spartanburg,DUNCAN,"$21,924 ","$42,680 ","284,307"
Spartanburg,FAIRFOREST,"$21,924 ","$42,680 ","284,307"
Spartanburg,FINGERVILLE,"$21,924 ","$42,680 ","284,307"
Spartanburg,UNION STREET,"$21,924 ","$42,680 ","284,307"
Spartanburg,CLIFTON,"$21,924 ","$42,680 ","284,307"
Spartanburg,GRAMLING,"$21,924 ","$42,680 ","284,307"
Sumter,REMBERT,"$18,944 ","$39,137 ","107,456"
Sumter,BORDEN,"$18,944 ","$39,137 ","107,456"
Sumter,OSWEGO,"$18,944 ","$39,137 ","107,456"
Sumter,PINEWOOD,"$18,944 ","$39,137 ","107,456"
Sumter,DALZELL,"$18,944 ","$39,137 ","107,456"
Sumter,ST. CHARLES,"$18,944 ","$39,137 ","107,456"
Sumter,SHAW AFB,"$18,944 ","$39,137 ","107,456"
Sumter,SUMTER,"$18,944 ","$39,137 ","107,456"
Sumter,WEDGEFIELD,"$18,944 ","$39,137 ","107,456"
Sumter,HORATIO,"$18,944 ","$39,137 ","107,456"
Sumter,MAYESVILLE,"$18,944 ","$39,137 ","107,456"
Union,BUFFALO,"$18,495 ","$33,470 ","28,961"
Union,KELTON,"$18,495 ","$33,470 ","28,961"
Union,LOCKHART,"$18,495 ","$33,470 ","28,961"
Union,UNION,"$18,495 ","$33,470 ","28,961"
Union,JONESVILLE,"$18,495 ","$33,470 ","28,961"
Union,CARLISLE,"$18,495 ","$33,470 ","28,961"
Williamsburg,TRIO,"$13,513 ","$24,191 ","34,423"
Williamsburg,LANE,"$13,513 ","$24,191 ","34,423"
Williamsburg,HEMINGWAY,"$13,513 ","$24,191 ","34,423"
Williamsburg,SALTERS,"$13,513 ","$24,191 ","34,423"
Williamsburg,GREELEYVILLE,"$13,513 ","$24,191 ","34,423"
Williamsburg,CADES,"$13,513 ","$24,191 ","34,423"
Williamsburg,NESMITH,"$13,513 ","$24,191 ","34,423"
Williamsburg,KINGSTREE,"$13,513 ","$24,191 ","34,423"
York,ROCK HILL,"$25,707 ","$51,925 ","226,073"
York,YORK,"$25,707 ","$51,925 ","226,073"
York,SMYRNA,"$25,707 ","$51,925 ","226,073"
York,LAKE WYLIE,"$25,707 ","$51,925 ","226,073"
York,SHARON,"$25,707 ","$51,925 ","226,073"
York,HICKORY GROVE,"$25,707 ","$51,925 ","226,073"
York,MCCONNELLS,"$25,707 ","$51,925 ","226,073"
York,CATAWBA,"$25,707 ","$51,925 ","226,073"
York,TEGA CAY,"$25,707 ","$51,925 ","226,073"
York,FORT MILL,"$25,707 ","$51,925 ","226,073"
York,CLOVER,"$25,707 ","$51,925 ","226,073"
York,CALDWELL STREET,"$25,707 ","$51,925 ","226,073"
York,WINTHROP COLLEGE,"$25,707 ","$51,925 ","226,073"
